scientific_name,observed_on,location,latitude,longitude,Type,code,url,image_url,reference
Fucus distichus,4/6/2011,NA,37.8460198,-122.3012638,attached,1,http://www.inaturalist.org/observations/14003,https://static.inaturalist.org/photos/27524/medium.jpg,iNaturalist
Fucus distichus,1/25/2012,NA,37.79078608,-122.2711802,attached,1,http://www.inaturalist.org/observations/49190,https://static.inaturalist.org/photos/78831/medium.JPG,iNaturalist
Fucus distichus,3/30/2013,NA,37.80733333,-122.438,attached,1,http://www.inaturalist.org/observations/225912,https://static.inaturalist.org/photos/284446/medium.jpg?1364683434,iNaturalist
Fucus distichus,4/13/2013,NA,37.86383576,-122.4406511,attached,1,http://www.inaturalist.org/observations/237445,https://static.inaturalist.org/photos/297650/medium.JPG?1366060800,iNaturalist
Fucus distichus,6/2/2013,NA,37.866065,-122.317843,attached,1,http://www.inaturalist.org/observations/285976,https://static.inaturalist.org/photos/353899/medium.jpg?1370210877,iNaturalist
Fucus distichus,6/2/2013,NA,37.865877,-122.318022,attached,1,http://www.inaturalist.org/observations/288017,https://static.inaturalist.org/photos/356527/medium.jpg?1370319244,iNaturalist
Fucus distichus,2/16/2014,NA,37.846228,-122.300697,attached,1,http://www.inaturalist.org/observations/533740,https://static.inaturalist.org/photos/678715/medium.JPG?1392614794,iNaturalist
Fucus distichus,3/4/2014,NA,37.86316667,-122.3141667,attached,1,http://www.inaturalist.org/observations/552519,https://static.inaturalist.org/photos/704815/medium.jpg?1393969521,iNaturalist
Fucus distichus,3/31/2014,NA,37.866356,-122.31256,attached,1,http://www.inaturalist.org/observations/603435,https://static.inaturalist.org/photos/759977/medium.JPG?1396358241,iNaturalist
Fucus distichus,5/14/2014,NA,38.004982,-122.477474,attached,1,http://www.inaturalist.org/observations/705030,https://static.inaturalist.org/photos/884017/medium.jpg?1444548241,iNaturalist
Fucus distichus,5/31/2014,NA,37.812625,-122.36863,attached,1,http://www.inaturalist.org/observations/711597,https://static.inaturalist.org/photos/894019/medium.jpg?1401669093,iNaturalist
Fucus distichus,11/8/2014,NA,37.73821333,-122.3723617,attached,1,http://www.inaturalist.org/observations/1064636,https://static.inaturalist.org/photos/1334779/medium.jpg?1415553283,iNaturalist
Fucus distichus,4/25/2015,NA,37.590705,-122.32423,attached,1,http://www.inaturalist.org/observations/1423170,https://static.inaturalist.org/photos/1761321/medium.jpg?1429986718,iNaturalist
Fucus distichus,3/19/2016,NA,37.805475,-122.4471056,attached,1,http://www.inaturalist.org/observations/2811805,https://static.inaturalist.org/photos/3195844/medium.JPG?1458543139,iNaturalist
Fucus distichus,5/21/2016,NA,37.70881004,-122.3806392,attached,1,http://www.inaturalist.org/observations/3249655,https://static.inaturalist.org/photos/3759206/medium.jpeg?1463849343,iNaturalist
Fucus distichus,5/21/2016,NA,37.70884206,-122.3804888,attached,1,http://www.inaturalist.org/observations/3250049,https://static.inaturalist.org/photos/3759652/medium.jpg?1463850057,iNaturalist
Fucus distichus,5/21/2016,NA,37.708805,-122.38063,attached,1,http://www.inaturalist.org/observations/3261249,https://static.inaturalist.org/photos/3771080/medium.jpg?1463875967,iNaturalist
Fucus distichus,6/2/2016,NA,37.869722,-122.311945,attached,1,http://www.inaturalist.org/observations/3379957,https://static.inaturalist.org/photos/3904712/medium.jpg?1465065654,iNaturalist
Fucus distichus,7/8/2016,NA,37.738012,-122.368357,attached,1,http://www.inaturalist.org/observations/3645261,https://static.inaturalist.org/photos/4215728/medium.jpg?1468018282,iNaturalist
Fucus distichus,8/12/2016,NA,37.79500833,-122.2795033,attached,1,http://www.inaturalist.org/observations/3872610,https://static.inaturalist.org/photos/4541553/medium.jpg?1471066322,iNaturalist
Fucus distichus,10/5/2016,NA,37.767595,-122.2933283,attached,1,http://www.inaturalist.org/observations/4280108,https://static.inaturalist.org/photos/5128170/medium.jpg?1475709356,iNaturalist
Fucus distichus,10/12/2016,NA,37.74506167,-122.3740617,attached,1,http://www.inaturalist.org/observations/4335920,https://static.inaturalist.org/photos/5206452/medium.jpg?1476318282,iNaturalist
Fucus distichus,10/12/2016,NA,37.74499893,-122.3741684,attached,1,http://www.inaturalist.org/observations/4336183,https://static.inaturalist.org/photos/5206876/medium.jpeg?1476321081,iNaturalist
Fucus distichus,10/12/2016,NA,37.744945,-122.37397,attached,1,http://www.inaturalist.org/observations/4337303,https://static.inaturalist.org/photos/5208375/medium.jpg?1476331177,iNaturalist
Fucus distichus,11/21/2016,NA,37.8462989,-122.3002982,attached,1,http://www.inaturalist.org/observations/4614209,https://static.inaturalist.org/photos/5581975/medium.jpg?1479792122,iNaturalist
Fucus distichus,12/3/2016,NA,37.73801113,-122.36834,attached,1,http://www.inaturalist.org/observations/4684621,https://static.inaturalist.org/photos/5687422/medium.jpg?1480788546,iNaturalist
Fucus distichus,12/3/2016,NA,37.73802133,-122.3684432,attached,1,http://www.inaturalist.org/observations/4684655,https://static.inaturalist.org/photos/5687486/medium.jpg?1480788758,iNaturalist
Fucus distichus,12/3/2016,NA,37.73810333,-122.36798,attached,1,http://www.inaturalist.org/observations/4685127,https://static.inaturalist.org/photos/5688185/medium.jpg?1480793701,iNaturalist
Fucus distichus,12/3/2016,NA,37.73826389,-122.3677,attached,1,http://www.inaturalist.org/observations/4719234,https://static.inaturalist.org/photos/5704614/medium.jpg?1480956024,iNaturalist
Fucus distichus,12/3/2016,NA,37.7383401,-122.3732436,attached,1,http://www.inaturalist.org/observations/4727570,https://static.inaturalist.org/photos/5715916/medium.jpeg?1481074023,iNaturalist
Fucus distichus,4/1/2017,NA,37.74586081,-122.3749394,attached,1,https://www.inaturalist.org/observations/5528008,https://static.inaturalist.org/photos/6820768/medium.jpeg?1491064486,iNaturalist
Fucus distichus,4/1/2017,NA,37.7461,-122.3748783,attached,1,https://www.inaturalist.org/observations/5528321,https://static.inaturalist.org/photos/6821170/medium.jpg?1491066014,iNaturalist
Fucus distichus,4/1/2017,NA,37.74519464,-122.3735923,attached,1,https://www.inaturalist.org/observations/5529846,https://static.inaturalist.org/photos/6822908/medium.jpeg?1491073028,iNaturalist
Fucus distichus,4/1/2017,NA,37.74292323,-122.375268,attached,1,https://www.inaturalist.org/observations/5529896,https://static.inaturalist.org/photos/6823283/medium.jpeg?1491073940,iNaturalist
Fucus distichus,4/1/2017,NA,37.74551667,-122.37468,attached,1,https://www.inaturalist.org/observations/5529934,https://static.inaturalist.org/photos/6823358/medium.jpg?1491074239,iNaturalist
Fucus distichus,4/1/2017,NA,37.7456558,-122.3753625,attached,1,https://www.inaturalist.org/observations/5530112,https://static.inaturalist.org/photos/6823493/medium.jpeg?1491074574,iNaturalist
Fucus distichus,4/1/2017,NA,37.7456558,-122.3753625,attached,1,https://www.inaturalist.org/observations/5530113,https://static.inaturalist.org/photos/6823497/medium.jpeg?1491074584,iNaturalist
Fucus distichus,4/1/2017,NA,37.74551667,-122.3746717,attached,1,https://www.inaturalist.org/observations/5530398,https://static.inaturalist.org/photos/6823957/medium.jpg?1491076186,iNaturalist
Fucus distichus,4/1/2017,NA,37.74686667,-122.375025,attached,1,https://www.inaturalist.org/observations/5535614,https://static.inaturalist.org/photos/6831831/medium.jpg?1491098319,iNaturalist
Fucus distichus,4/1/2017,NA,37.74673833,-122.375055,attached,1,https://www.inaturalist.org/observations/5535617,https://static.inaturalist.org/photos/6831838/medium.jpg?1491098334,iNaturalist
Fucus distichus,4/1/2017,NA,37.74505333,-122.3742617,attached,1,https://www.inaturalist.org/observations/5535734,https://static.inaturalist.org/photos/6832010/medium.jpg?1491098845,iNaturalist
Fucus distichus,4/1/2017,NA,37.74518311,-122.3751748,attached,1,https://www.inaturalist.org/observations/5714574,https://static.inaturalist.org/photos/7085714/medium.jpeg?1492239231,iNaturalist
Fucus distichus,4/2/2017,NA,37.67152569,-122.3811785,attached,1,https://www.inaturalist.org/observations/5544378,https://static.inaturalist.org/photos/6845025/medium.jpeg?1491170415,iNaturalist
Fucus distichus,4/5/2017,NA,37.81266139,-122.3686249,attached,1,https://www.inaturalist.org/observations/5584233,https://static.inaturalist.org/photos/6894300/medium.jpeg?1491425432,iNaturalist
Fucus distichus,4/5/2017,NA,37.81351517,-122.3716906,attached,1,https://www.inaturalist.org/observations/5584562,https://static.inaturalist.org/photos/6894738/medium.jpeg?1491426704,iNaturalist
Fucus distichus,4/5/2017,NA,37.8126483,-122.3615846,attached,1,https://www.inaturalist.org/observations/5584567,https://static.inaturalist.org/photos/6894746/medium.jpeg?1491426728,iNaturalist
Fucus distichus,4/5/2017,NA,37.8131696,-122.371484,attached,1,https://www.inaturalist.org/observations/5586328,https://static.inaturalist.org/photos/6897275/medium.jpeg?1491435182,iNaturalist
Fucus distichus,4/5/2017,NA,37.81356333,-122.3714967,attached,1,https://www.inaturalist.org/observations/5587143,https://static.inaturalist.org/photos/6898870/medium.jpg?1491440747,iNaturalist
Fucus distichus,4/5/2017,NA,37.81220833,-122.3663483,attached,1,https://www.inaturalist.org/observations/5589448,https://static.inaturalist.org/photos/6902791/medium.jpg?1491460455,iNaturalist
Fucus distichus,4/5/2017,NA,37.81299387,-122.369453,attached,1,https://www.inaturalist.org/observations/5594085,https://static.inaturalist.org/photos/6909756/medium.jpg?1491516746,iNaturalist
Fucus distichus,4/5/2017,NA,37.81368611,-122.3699639,attached,1,https://www.inaturalist.org/observations/5603235,https://static.inaturalist.org/photos/6923371/medium.jpeg?1491597941,iNaturalist
Fucus distichus,4/5/2017,NA,37.812368,-122.368165,attached,1,https://www.inaturalist.org/observations/5603482,https://static.inaturalist.org/photos/6923869/medium.jpeg?1491599320,iNaturalist
Fucus distichus,4/15/2017,NA,37.82716333,-122.3163833,attached,1,https://www.inaturalist.org/observations/5728592,https://static.inaturalist.org/photos/7104447/medium.jpg?1492283676,iNaturalist
Fucus distichus,4/15/2017,NA,37.89883604,-122.3255298,attached,1,https://www.inaturalist.org/observations/5744182,https://static.inaturalist.org/photos/7127615/medium.jpg?1492308700,iNaturalist
Fucus distichus,4/16/2017,NA,37.79966111,-122.3284444,attached,1,https://www.inaturalist.org/observations/5848975,https://static.inaturalist.org/photos/7278162/medium.jpg?1492576781,iNaturalist
Fucus distichus,4/17/2017,NA,37.82477,-122.3178783,attached,1,https://www.inaturalist.org/observations/5798394,https://static.inaturalist.org/photos/7206315/medium.jpg?1492461895,iNaturalist
Fucus distichus,4/17/2017,NA,37.82494391,-122.3174378,attached,1,https://www.inaturalist.org/observations/5800875,https://static.inaturalist.org/photos/7209782/medium.jpg?1492465431,iNaturalist
Fucus distichus,4/17/2017,NA,37.82442833,-122.3182617,attached,1,https://www.inaturalist.org/observations/5804497,https://static.inaturalist.org/photos/7214764/medium.jpeg?1492471754,iNaturalist
Fucus distichus,4/17/2017,NA,37.82470046,-122.3181309,attached,1,https://www.inaturalist.org/observations/5815169,https://static.inaturalist.org/photos/7231678/medium.jpg?1492494365,iNaturalist
Fucus distichus,4/22/2017,NA,37.76754157,-122.2781715,attached,1,https://www.inaturalist.org/observations/5949401,https://static.inaturalist.org/photos/7430370/medium.jpg?1493099059,iNaturalist
Fucus distichus,5/22/2017,NA,37.77262176,-122.3868496,attached,1,https://www.inaturalist.org/observations/6323714,https://static.inaturalist.org/photos/7965072/medium.jpeg?1495488312,iNaturalist
Fucus distichus,7/6/2017,NA,37.88855702,-122.3272139,attached,1,https://www.inaturalist.org/observations/6950918,https://static.inaturalist.org/photos/8885863/medium.jpg?1499400692,iNaturalist
Fucus distichus,7/27/2017,NA,37.8989437,-122.3253701,attached,1,https://www.inaturalist.org/observations/7232263,https://static.inaturalist.org/photos/9339341/medium.jpeg?1501168852,iNaturalist
Fucus distichus,7/27/2017,NA,37.89892703,-122.3254645,attached,1,https://www.inaturalist.org/observations/7232322,https://static.inaturalist.org/photos/9339394/medium.jpg?1501168984,iNaturalist
Fucus distichus,7/27/2017,NA,37.89897082,-122.3253873,attached,1,https://www.inaturalist.org/observations/7232330,https://static.inaturalist.org/photos/9339430/medium.jpg?1501169070,iNaturalist
Fucus distichus,7/27/2017,NA,37.89894953,-122.3253597,attached,1,https://www.inaturalist.org/observations/7232378,https://static.inaturalist.org/photos/9339510/medium.jpeg?1501169243,iNaturalist
Fucus distichus,7/27/2017,NA,37.89919814,-122.3253364,attached,1,https://www.inaturalist.org/observations/7232500,https://static.inaturalist.org/photos/9339690/medium.jpg?1501169632,iNaturalist
Fucus distichus,7/27/2017,NA,37.89905015,-122.3254544,attached,1,https://www.inaturalist.org/observations/7232530,https://static.inaturalist.org/photos/9339757/medium.jpeg?1501169758,iNaturalist
Fucus distichus,7/27/2017,NA,37.8989869,-122.3253688,attached,1,https://www.inaturalist.org/observations/7232540,https://static.inaturalist.org/photos/9339780/medium.jpeg?1501169793,iNaturalist
Fucus distichus,7/27/2017,NA,37.89921603,-122.3253984,attached,1,https://www.inaturalist.org/observations/7232703,https://static.inaturalist.org/photos/9339995/medium.jpeg?1501170422,iNaturalist
Fucus distichus,7/27/2017,NA,37.89926786,-122.3254001,attached,1,https://www.inaturalist.org/observations/7232711,https://static.inaturalist.org/photos/9340018/medium.jpeg?1501170457,iNaturalist
Fucus distichus,7/27/2017,NA,37.89924856,-122.3253518,attached,1,https://www.inaturalist.org/observations/7232720,https://static.inaturalist.org/photos/9340033/medium.jpg?1501170484,iNaturalist
Fucus distichus,7/27/2017,NA,37.89934114,-122.3252841,attached,1,https://www.inaturalist.org/observations/7232921,https://static.inaturalist.org/photos/9340283/medium.jpg?1501170949,iNaturalist
Fucus distichus,7/27/2017,NA,37.8992507,-122.3253265,attached,1,https://www.inaturalist.org/observations/7232974,https://static.inaturalist.org/photos/9340371/medium.jpg?1501171214,iNaturalist
Fucus distichus,7/27/2017,NA,37.89905602,-122.3244027,attached,1,https://www.inaturalist.org/observations/7233223,https://static.inaturalist.org/photos/9340926/medium.jpg?1501172397,iNaturalist
Fucus distichus,8/6/2017,NA,37.59134527,-122.3203805,attached,1,https://www.inaturalist.org/observations/7385514,https://static.inaturalist.org/photos/9584776/medium.jpg?1502066749,iNaturalist
Fucus distichus,8/8/2017,NA,37.74500841,-122.3741421,attached,1,https://www.inaturalist.org/observations/7407366,https://static.inaturalist.org/photos/9620346/medium.jpeg?1502206392,iNaturalist
Fucus distichus,9/28/2017,NA,37.77161725,-122.2981174,attached,1,https://www.inaturalist.org/observations/8163191,https://static.inaturalist.org/photos/10809972/medium.jpeg?1506651259,iNaturalist
Fucus distichus,12/24/2017,NA,37.80511333,-122.3332367,attached,1,https://www.inaturalist.org/observations/9254963,https://static.inaturalist.org/photos/12532559/medium.jpg?1514171981,iNaturalist
Fucus distichus,12/27/2017,NA,37.68001637,-122.385807,attached,1,https://www.inaturalist.org/observations/9280111,https://static.inaturalist.org/photos/12576456/medium.jpeg?1514435762,iNaturalist
Fucus distichus,1/16/2018,NA,37.80057667,-122.3296983,attached,1,https://www.inaturalist.org/observations/9503508,https://static.inaturalist.org/photos/12948695/medium.jpg?1516157859,iNaturalist
Fucus distichus,1/29/2018,NA,37.79508368,-122.2797437,attached,1,https://www.inaturalist.org/observations/9660774,https://static.inaturalist.org/photos/13199613/medium.jpeg?1517265569,iNaturalist
Fucus distichus,1/30/2018,NA,37.86208618,-122.3169463,attached,1,https://www.inaturalist.org/observations/9675629,https://static.inaturalist.org/photos/13223609/medium.jpg?1517363704,iNaturalist
Fucus distichus,1/30/2018,NA,37.81407167,-122.3629617,attached,1,https://www.inaturalist.org/observations/9763501,https://static.inaturalist.org/photos/13371221/medium.jpg?1518027803,iNaturalist
Fucus distichus,2/7/2018,NA,37.86883926,-122.4348221,attached,1,https://www.inaturalist.org/observations/9779820,https://static.inaturalist.org/photos/13387436/medium.jpeg?1518092230,iNaturalist
Fucus distichus,2/26/2018,NA,37.90106435,-122.3255677,attached,1,https://www.inaturalist.org/observations/10015291,https://static.inaturalist.org/photos/13773945/medium.jpg?1519714874,iNaturalist
Fucus distichus,3/3/2018,NA,37.8881,-122.3240583,attached,1,https://www.inaturalist.org/observations/10215707,https://static.inaturalist.org/photos/14115703/medium.jpg?1520916829,iNaturalist
Fucus distichus,4/4/2018,NA,37.81395414,-122.3590797,attached,1,https://www.inaturalist.org/observations/10616199,https://static.inaturalist.org/photos/14807049/medium.jpg?1522862384,iNaturalist
Fucus distichus,4/4/2018,NA,37.81461806,-122.358887,attached,1,https://www.inaturalist.org/observations/10616240,https://static.inaturalist.org/photos/14807138/medium.jpeg?1522862524,iNaturalist
Fucus distichus,4/4/2018,NA,37.81271182,-122.3686837,attached,1,https://www.inaturalist.org/observations/10616302,https://static.inaturalist.org/photos/14807342/medium.jpeg?1522862878,iNaturalist
Fucus distichus,4/4/2018,NA,37.81268333,-122.3687367,attached,1,https://www.inaturalist.org/observations/10616315,https://static.inaturalist.org/photos/14807229/medium.jpg?1522862653,iNaturalist
Fucus distichus,4/4/2018,NA,37.81268839,-122.3685686,attached,1,https://www.inaturalist.org/observations/10616683,https://static.inaturalist.org/photos/14807677/medium.jpg?1522863374,iNaturalist
Fucus distichus,4/4/2018,NA,37.81482435,-122.3598227,attached,1,https://www.inaturalist.org/observations/10616974,https://static.inaturalist.org/photos/14808102/medium.jpg?1522863806,iNaturalist
Fucus distichus,4/4/2018,NA,37.8126881,-122.3686653,attached,1,https://www.inaturalist.org/observations/10618170,https://static.inaturalist.org/photos/14809809/medium.jpeg?1522866327,iNaturalist
Fucus distichus,4/4/2018,NA,37.81265,-122.3686533,attached,1,https://www.inaturalist.org/observations/10631675,https://static.inaturalist.org/photos/14831758/medium.jpg?1522907805,iNaturalist
Fucus distichus,4/4/2018,NA,37.812675,-122.3686533,attached,1,https://www.inaturalist.org/observations/10671439,https://static.inaturalist.org/photos/14897497/medium.jpg?1523068901,iNaturalist
Fucus distichus,4/4/2018,NA,37.81765,-122.3677833,attached,1,https://www.inaturalist.org/observations/11030219,https://static.inaturalist.org/photos/15557843/medium.jpg?1523919836,iNaturalist
Fucus distichus,4/8/2018,NA,37.738205,-122.368645,attached,1,https://www.inaturalist.org/observations/10713006,https://static.inaturalist.org/photos/14964995/medium.jpg?1523224510,iNaturalist
Fucus distichus,4/23/2018,NA,37.77143833,-122.3863367,attached,1,https://www.inaturalist.org/observations/11422944,https://static.inaturalist.org/photos/16289920/medium.jpg?1524674601,iNaturalist
Fucus distichus,4/28/2018,NA,37.73848,-122.3735367,attached,1,https://www.inaturalist.org/observations/11701952,https://static.inaturalist.org/photos/16727563/medium.jpg?1524967650,iNaturalist
Fucus distichus,4/29/2018,NA,37.70903,-122.3820417,attached,1,https://www.inaturalist.org/observations/11807133,https://static.inaturalist.org/photos/16889968/medium.jpg?1525042916,iNaturalist
Fucus distichus,4/29/2018,NA,37.87013833,-122.3098617,attached,1,https://www.inaturalist.org/observations/11821053,https://static.inaturalist.org/photos/16911850/medium.jpg?1525049024,iNaturalist
Fucus distichus,4/29/2018,NA,37.89374426,-122.4490574,attached,1,https://www.inaturalist.org/observations/11852478,https://static.inaturalist.org/photos/16962604/medium.jpg?1525066541,iNaturalist
Fucus distichus,4/29/2018,NA,37.80696496,-122.4254608,attached,1,https://www.inaturalist.org/observations/11979832,https://static.inaturalist.org/photos/17161366/medium.jpeg?1525164626,iNaturalist
Fucus distichus,4/30/2018,NA,37.82467,-122.3180167,attached,1,https://www.inaturalist.org/observations/11917975,https://static.inaturalist.org/photos/17062624/medium.jpg?1525121403,iNaturalist
Fucus distichus,5/11/2018,NA,37.76851237,-122.2776402,attached,1,https://www.inaturalist.org/observations/12353788,https://static.inaturalist.org/photos/17791972/medium.jpg?1526056586,iNaturalist
Fucus distichus,5/28/2018,NA,37.90998288,-122.3903801,attached,1,https://www.inaturalist.org/observations/12902565,https://static.inaturalist.org/photos/18737989/medium.jpg?1527538040,iNaturalist
Fucus distichus,6/2/2018,NA,37.85969167,-122.3155217,attached,1,https://www.inaturalist.org/observations/13060293,https://static.inaturalist.org/photos/19016654/medium.jpg?1527984769,iNaturalist
Fucus distichus,6/2/2018,NA,37.85917167,-122.31627,attached,1,https://www.inaturalist.org/observations/13060657,https://static.inaturalist.org/photos/19017358/medium.jpg?1527985361,iNaturalist
Fucus distichus,6/7/2018,NA,37.90302167,-122.3198917,attached,1,https://www.inaturalist.org/observations/13224361,https://static.inaturalist.org/photos/19341521/medium.jpg?1528437716,iNaturalist
Fucus distichus,6/13/2018,NA,37.67180529,-122.3810845,attached,1,https://www.inaturalist.org/observations/13396437,https://static.inaturalist.org/photos/19648933/medium.jpg?1528906643,iNaturalist
Fucus distichus,6/16/2018,NA,37.86673,-122.4374083,attached,1,https://www.inaturalist.org/observations/13498085,https://static.inaturalist.org/photos/19825286/medium.jpg?1529191825,iNaturalist
Fucus distichus,6/16/2018,NA,37.73824709,-122.3723547,attached,1,https://www.inaturalist.org/observations/13498739,https://static.inaturalist.org/photos/19826286/medium.jpg?1529192866,iNaturalist
Fucus distichus,6/16/2018,NA,37.738175,-122.3676917,attached,1,https://www.inaturalist.org/observations/13508344,https://static.inaturalist.org/photos/19844211/medium.jpg?1529214978,iNaturalist
Fucus distichus,7/4/2018,NA,37.77095238,-122.3869657,attached,1,https://www.inaturalist.org/observations/14047768,https://static.inaturalist.org/photos/20786539/medium.jpg?1530726924,iNaturalist
Fucus distichus,7/13/2018,NA,37.82642,-122.42084,attached,1,https://www.inaturalist.org/observations/14455963,https://static.inaturalist.org/photos/21517377/medium.jpeg?1531861908,iNaturalist
Fucus distichus,7/17/2018,NA,38.00438611,-122.4621389,attached,1,https://www.inaturalist.org/observations/31775914,https://static.inaturalist.org/photos/49769996/medium.jpeg?1567151662,iNaturalist
Fucus distichus,7/21/2018,NA,37.870595,-122.4275883,attached,1,https://www.inaturalist.org/observations/14594278,https://static.inaturalist.org/photos/21752812/medium.jpg?1532228507,iNaturalist
Fucus distichus,8/11/2018,NA,37.73556015,-122.3759505,attached,1,https://www.inaturalist.org/observations/15351770,https://static.inaturalist.org/photos/22998987/medium.jpg?1534088406,iNaturalist
Fucus distichus,8/20/2018,NA,37.88972622,-122.3276001,attached,1,https://www.inaturalist.org/observations/15742955,https://static.inaturalist.org/photos/23507122/medium.jpeg?1534813740,iNaturalist
Fucus distichus,8/25/2018,NA,37.91780222,-122.2489699,attached,1,https://www.inaturalist.org/observations/15902055,https://static.inaturalist.org/photos/23781317/medium.jpg?1535260652,iNaturalist
Fucus distichus,9/26/2018,NA,37.997375,-122.4562639,attached,1,https://www.inaturalist.org/observations/21993611,https://static.inaturalist.org/photos/34090243/medium.jpeg?1554409728,iNaturalist
Fucus distichus,10/13/2018,NA,37.82511167,-122.4219883,attached,1,https://www.inaturalist.org/observations/17506177,https://static.inaturalist.org/photos/26635368/medium.jpg?1539545640,iNaturalist
Fucus distichus,11/30/2018,NA,37.80678833,-122.3307983,attached,1,https://www.inaturalist.org/observations/18744759,https://static.inaturalist.org/photos/28702725/medium.jpg?1543623051,iNaturalist
Fucus distichus,12/4/2018,NA,37.83381903,-122.4758753,attached,1,https://www.inaturalist.org/observations/18833132,https://static.inaturalist.org/photos/28849391/medium.jpeg?1543969096,iNaturalist
Fucus distichus,12/4/2018,NA,37.88167231,-122.5037136,attached,1,https://www.inaturalist.org/observations/18833767,https://static.inaturalist.org/photos/28850341/medium.jpeg?1543971252,iNaturalist
Fucus distichus,12/5/2018,NA,37.91616606,-122.4785477,attached,1,https://www.inaturalist.org/observations/18852485,https://static.inaturalist.org/photos/28881861/medium.jpeg?1544055287,iNaturalist
Fucus distichus,12/5/2018,NA,37.89423418,-122.4502686,attached,1,https://www.inaturalist.org/observations/18856032,https://static.inaturalist.org/photos/28888312/medium.jpeg?1544069520,iNaturalist
Fucus distichus,12/10/2018,NA,37.88956543,-122.4457726,attached,1,https://www.inaturalist.org/observations/18950691,https://static.inaturalist.org/photos/29053028/medium.jpeg?1544490098,iNaturalist
Fucus distichus,1/3/2019,NA,37.807495,-122.4259333,attached,1,https://www.inaturalist.org/observations/19412647,https://static.inaturalist.org/photos/29859567/medium.jpg?1546577518,iNaturalist
Fucus distichus,1/30/2019,NA,37.89415338,-122.4498509,attached,1,https://www.inaturalist.org/observations/19976516,https://static.inaturalist.org/photos/30828383/medium.jpeg?1548889420,iNaturalist
Fucus distichus,1/30/2019,NA,37.91620671,-122.4785411,attached,1,https://www.inaturalist.org/observations/19977281,https://static.inaturalist.org/photos/30829804/medium.jpeg?1548892474,iNaturalist
Fucus distichus,1/30/2019,NA,37.73823089,-122.3724772,attached,1,https://www.inaturalist.org/observations/19983633,https://static.inaturalist.org/photos/30840594/medium.jpg?1548914442,iNaturalist
Fucus distichus,1/31/2019,NA,37.83385837,-122.4758825,attached,1,https://www.inaturalist.org/observations/19997524,https://static.inaturalist.org/photos/30865557/medium.jpeg?1548978654,iNaturalist
Fucus distichus,3/13/2019,NA,37.89416354,-122.4501272,attached,1,https://www.inaturalist.org/observations/21206378,https://static.inaturalist.org/photos/32779947/medium.jpg?1552495382,iNaturalist
Fucus distichus,3/16/2019,NA,37.70859757,-122.3745879,attached,1,https://www.inaturalist.org/observations/21293237,https://static.inaturalist.org/photos/32925122/medium.jpg?1552763985,iNaturalist
Fucus distichus,3/16/2019,NA,37.70846,-122.37468,attached,1,https://www.inaturalist.org/observations/21310503,https://static.inaturalist.org/photos/32955144/medium.jpeg?1552798431,iNaturalist
Fucus distichus,3/16/2019,NA,37.88800833,-122.3253028,attached,1,https://www.inaturalist.org/observations/21360787,https://static.inaturalist.org/photos/33038411/medium.jpeg?1552928411,iNaturalist
Fucus distichus,3/19/2019,NA,37.88860008,-122.3266318,attached,1,https://www.inaturalist.org/observations/21406192,https://static.inaturalist.org/photos/33115817/medium.jpeg?1553045033,iNaturalist
Fucus distichus,3/30/2019,NA,37.67735333,-122.3823867,attached,1,https://www.inaturalist.org/observations/21770270,https://static.inaturalist.org/photos/33719268/medium.jpg?1553933878,iNaturalist
Fucus distichus,4/10/2019,NA,37.8126705,-122.3686504,attached,1,https://www.inaturalist.org/observations/22288536,https://static.inaturalist.org/photos/34517177/medium.jpeg?1554916645,iNaturalist
Fucus distichus,4/10/2019,NA,37.81260302,-122.3686715,attached,1,https://www.inaturalist.org/observations/22289277,https://static.inaturalist.org/photos/34518253/medium.jpg?1554917416,iNaturalist
Fucus distichus,4/10/2019,NA,37.81258269,-122.3686329,attached,1,https://www.inaturalist.org/observations/22289628,https://static.inaturalist.org/photos/34518729/medium.jpeg?1554917826,iNaturalist
Fucus distichus,4/10/2019,NA,37.80756333,-122.3642117,attached,1,https://www.inaturalist.org/observations/22290065,https://static.inaturalist.org/photos/34519538/medium.jpg?1554918536,iNaturalist
Fucus distichus,4/10/2019,NA,37.80760333,-122.364655,attached,1,https://www.inaturalist.org/observations/22297627,https://static.inaturalist.org/photos/34531778/medium.jpg?1554929590,iNaturalist
Fucus distichus,4/10/2019,NA,37.81270333,-122.3686617,attached,1,https://www.inaturalist.org/observations/22324267,https://static.inaturalist.org/photos/34574920/medium.jpg?1554991615,iNaturalist
Fucus distichus,4/10/2019,NA,37.81261333,-122.3685833,attached,1,https://www.inaturalist.org/observations/22327109,https://static.inaturalist.org/photos/34579586/medium.jpg?1554996365,iNaturalist
Fucus distichus,4/26/2019,NA,37.80684444,-122.4415444,attached,1,https://www.inaturalist.org/observations/23843065,https://static.inaturalist.org/photos/36889531/medium.jpeg?1556510225,iNaturalist
Fucus distichus,4/27/2019,NA,37.88865228,-122.3261279,attached,1,https://www.inaturalist.org/observations/23411056,https://static.inaturalist.org/photos/36256333/medium.jpeg?1556384921,iNaturalist
Fucus distichus,4/27/2019,NA,37.89263753,-122.3227311,attached,1,https://www.inaturalist.org/observations/23416651,https://static.inaturalist.org/photos/36264507/medium.jpg?1556386319,iNaturalist
Fucus distichus,4/27/2019,NA,37.89004517,-122.3276901,attached,1,https://www.inaturalist.org/observations/23515149,https://static.inaturalist.org/photos/36411800/medium.jpeg?1556410261,iNaturalist
Fucus distichus,4/27/2019,NA,37.73831124,-122.3685303,attached,1,https://www.inaturalist.org/observations/23541489,https://static.inaturalist.org/photos/36451959/medium.jpeg?1556417462,iNaturalist
Fucus distichus,4/28/2019,NA,37.91021756,-122.3900922,attached,1,https://www.inaturalist.org/observations/23811701,https://static.inaturalist.org/photos/36844862/medium.jpeg?1556502620,iNaturalist
Fucus distichus,4/28/2019,NA,37.80753553,-122.4262044,attached,1,https://www.inaturalist.org/observations/23880455,https://static.inaturalist.org/photos/36946787/medium.jpeg?1556528964,iNaturalist
Fucus distichus,5/5/2019,NA,37.86212921,-122.3154526,attached,1,https://www.inaturalist.org/observations/24639362,https://static.inaturalist.org/photos/38098807/medium.jpeg?1557107043,iNaturalist
Fucus distichus,5/8/2019,NA,37.83379737,-122.4758558,attached,1,https://www.inaturalist.org/observations/24791824,https://static.inaturalist.org/photos/38341770/medium.jpeg?1557335461,iNaturalist
Fucus distichus,5/8/2019,NA,37.88164389,-122.5038241,attached,1,https://www.inaturalist.org/observations/24802095,https://static.inaturalist.org/photos/38373877/medium.jpeg?1557360530,iNaturalist
Fucus distichus,5/8/2019,NA,37.88154458,-122.5038994,attached,1,https://www.inaturalist.org/observations/24811496,https://static.inaturalist.org/photos/38373925/medium.jpeg?1557360554,iNaturalist
Fucus distichus,5/9/2019,NA,37.89427076,-122.4497792,attached,1,https://www.inaturalist.org/observations/24846591,https://static.inaturalist.org/photos/38432940/medium.jpeg?1557428016,iNaturalist
Fucus distichus,5/9/2019,NA,37.91615918,-122.4786799,attached,1,https://www.inaturalist.org/observations/24848859,https://static.inaturalist.org/photos/38432979/medium.jpeg?1557428046,iNaturalist
Fucus distichus,5/9/2019,NA,37.91614984,-122.4786613,attached,1,https://www.inaturalist.org/observations/24848886,https://static.inaturalist.org/photos/38433001/medium.jpeg?1557428063,iNaturalist
Fucus distichus,5/25/2019,NA,37.80686667,-122.4253833,attached,1,https://www.inaturalist.org/observations/26254045,https://static.inaturalist.org/photos/40751007/medium.jpg?1559489842,iNaturalist
Fucus distichus,5/26/2019,NA,37.83232033,-122.3731687,attached,1,https://www.inaturalist.org/observations/26010283,https://static.inaturalist.org/photos/40349208/medium.jpeg?1559151629,iNaturalist
Fucus distichus,6/3/2019,NA,37.5905627,-122.3149914,attached,1,https://www.inaturalist.org/observations/26362894,https://static.inaturalist.org/photos/40931055/medium.jpeg?1559610504,iNaturalist
Fucus distichus,6/8/2019,NA,37.83385885,-122.4758403,attached,1,https://www.inaturalist.org/observations/26621356,https://static.inaturalist.org/photos/41347766/medium.jpeg?1560017932,iNaturalist
Fucus distichus,6/8/2019,NA,37.77209444,-122.3866722,attached,1,https://www.inaturalist.org/observations/26661184,https://static.inaturalist.org/photos/41412429/medium.jpeg?1560065383,iNaturalist
Fucus distichus,6/15/2019,NA,37.93941984,-122.4108475,attached,1,https://www.inaturalist.org/observations/27044315,https://static.inaturalist.org/photos/42036397/medium.jpeg?1560630109,iNaturalist
Fucus distichus,6/15/2019,NA,37.93957811,-122.410392,attached,1,https://www.inaturalist.org/observations/27108288,https://static.inaturalist.org/photos/42134128/medium.jpg?1560710079,iNaturalist
Fucus distichus,7/18/2019,NA,37.81524722,-122.3595194,attached,1,https://www.inaturalist.org/observations/29089938,https://static.inaturalist.org/photos/45383177/medium.jpeg?1563494745,iNaturalist
Fucus distichus,7/18/2019,NA,37.814675,-122.358875,attached,1,https://www.inaturalist.org/observations/29146501,https://static.inaturalist.org/photos/45474368/medium.jpeg?1563581661,iNaturalist
Fucus distichus,7/18/2019,NA,37.81468333,-122.3591111,attached,1,https://www.inaturalist.org/observations/29146551,https://static.inaturalist.org/photos/45474696/medium.jpeg?1563581954,iNaturalist
Fucus distichus,7/31/2019,NA,37.83960553,-122.3004275,attached,1,https://www.inaturalist.org/observations/37899498,https://static.inaturalist.org/photos/60151701/medium.jpg?1579822146,iNaturalist
Fucus distichus,8/26/2019,NA,37.76648319,-122.2801469,attached,1,https://www.inaturalist.org/observations/31566840,https://static.inaturalist.org/photos/49415977/medium.jpg?1566847460,iNaturalist
Fucus distichus,10/1/2019,NA,37.76635448,-122.3860467,attached,1,https://www.inaturalist.org/observations/33725022,https://static.inaturalist.org/photos/52997258/medium.jpeg?1569968161,iNaturalist
Fucus distichus,10/10/2019,NA,37.87524782,-122.3214036,attached,1,https://www.inaturalist.org/observations/35514027,https://static.inaturalist.org/photos/56006008/medium.jpg?1573353894,iNaturalist
Fucus distichus,10/19/2019,NA,37.70905948,-122.3824064,attached,1,https://www.inaturalist.org/observations/34590878,https://static.inaturalist.org/photos/54454161/medium.jpg?1571506605,iNaturalist
Fucus distichus,10/19/2019,NA,37.70912306,-122.3825596,attached,1,https://www.inaturalist.org/observations/34591346,https://static.inaturalist.org/photos/54454966/medium.jpg?1571506964,iNaturalist
Fucus distichus,10/19/2019,NA,37.7094521,-122.3850496,attached,1,https://www.inaturalist.org/observations/34592747,https://static.inaturalist.org/photos/54457178/medium.jpg?1571508125,iNaturalist
Fucus distichus,10/19/2019,NA,37.70936203,-122.3753662,attached,1,https://www.inaturalist.org/observations/34594807,https://static.inaturalist.org/photos/54460409/medium.jpeg?1571509706,iNaturalist
Fucus distichus,10/19/2019,NA,37.708905,-122.3814083,attached,1,https://www.inaturalist.org/observations/34608068,https://static.inaturalist.org/photos/54482444/medium.jpg?1571523150,iNaturalist
Fucus distichus,10/19/2019,NA,37.70911263,-122.3825694,attached,1,https://www.inaturalist.org/observations/35493172,https://static.inaturalist.org/photos/55970012/medium.jpg?1573319405,iNaturalist
Fucus distichus,10/27/2019,NA,37.807174,-122.425277,attached,1,https://www.inaturalist.org/observations/34960727,https://static.inaturalist.org/photos/55090657/medium.jpg?1572187430,iNaturalist
Fucus distichus,11/25/2019,NA,37.81271944,-122.3687028,attached,1,https://www.inaturalist.org/observations/36105261,https://static.inaturalist.org/photos/57026432/medium.jpeg?1574791231,iNaturalist
Fucus distichus,11/25/2019,NA,37.81336762,-122.3657952,attached,1,https://www.inaturalist.org/observations/36105293,https://static.inaturalist.org/photos/57026889/medium.jpeg?1574791603,iNaturalist
Fucus distichus,11/25/2019,NA,37.81368611,-122.3655917,attached,1,https://www.inaturalist.org/observations/36105314,https://static.inaturalist.org/photos/57027216/medium.jpeg?1574791976,iNaturalist
Fucus distichus,11/25/2019,NA,37.81345326,-122.3650235,attached,1,https://www.inaturalist.org/observations/36105339,https://static.inaturalist.org/photos/57027489/medium.jpeg?1574792292,iNaturalist
Fucus distichus,12/11/2019,NA,37.73823667,-122.367515,attached,1,https://www.inaturalist.org/observations/37123218,https://static.inaturalist.org/photos/58797878/medium.jpeg?1577772231,iNaturalist
Fucus distichus,1/1/2020,NA,37.59029475,-122.3246521,attached,1,https://www.inaturalist.org/observations/37175958,https://static.inaturalist.org/photos/58890754/medium.jpg?1577924114,iNaturalist
Fucus distichus,1/19/2020,NA,37.87715149,-122.310112,attached,1,https://www.inaturalist.org/observations/37770685,https://static.inaturalist.org/photos/59945198/medium.jpeg?1579493551,iNaturalist
Fucus distichus,1/22/2020,NA,37.81265,-122.366395,attached,1,https://www.inaturalist.org/observations/37887278,https://static.inaturalist.org/photos/60130047/medium.jpg?1579795173,iNaturalist
Fucus distichus,1/22/2020,NA,37.814227,-122.363846,attached,1,https://www.inaturalist.org/observations/37887426,https://static.inaturalist.org/photos/60130316/medium.jpg?1579795552,iNaturalist
Fucus distichus,2/13/2020,NA,37.76777023,-122.2783423,attached,1,https://www.inaturalist.org/observations/38609234,https://static.inaturalist.org/photos/61385407/medium.jpg?1581615978,iNaturalist
Fucus distichus,2/17/2020,NA,37.767655,-122.2934417,attached,1,https://www.inaturalist.org/observations/38766829,https://static.inaturalist.org/photos/61664914/medium.jpg?1581972215,iNaturalist
Fucus distichus,2/17/2020,NA,37.88836667,-122.3261117,attached,1,https://www.inaturalist.org/observations/38800376,https://static.inaturalist.org/photos/61723153/medium.jpg?1582047023,iNaturalist
Fucus distichus,2/24/2020,NA,37.84567167,-122.30215,attached,1,https://www.inaturalist.org/observations/39189954,https://static.inaturalist.org/photos/62140994/medium.jpg?1582596158,iNaturalist
Fucus distichus,2/26/2020,NA,37.83701,-122.3078333,attached,1,https://www.inaturalist.org/observations/39268821,https://static.inaturalist.org/photos/62279305/medium.jpg?1582778496,iNaturalist
Fucus distichus,2/27/2020,NA,37.80078704,-122.3296104,attached,1,https://www.inaturalist.org/observations/39293031,https://static.inaturalist.org/photos/62321700/medium.jpeg?1582840352,iNaturalist
Fucus distichus,2/27/2020,NA,37.86982,-122.312125,attached,1,https://www.inaturalist.org/observations/39320794,https://static.inaturalist.org/photos/62366556/medium.jpg?1582911925,iNaturalist
Fucus distichus,3/16/2020,NA,37.80755333,-122.43595,attached,1,https://www.inaturalist.org/observations/40168132,https://static.inaturalist.org/photos/63804625/medium.jpg?1584510269,iNaturalist
Fucus distichus,4/1/2020,NA,37.83701333,-122.3062467,attached,1,https://www.inaturalist.org/observations/41465196,https://static.inaturalist.org/photos/65781637/medium.jpg?1586112014,iNaturalist
Fucus distichus,4/18/2020,NA,38.00391112,-122.4671383,attached,1,https://www.inaturalist.org/observations/42514715,https://static.inaturalist.org/photos/67506693/medium.jpg?1587246459,iNaturalist
Fucus distichus,4/18/2020,NA,37.80675673,-122.4250095,attached,1,https://www.inaturalist.org/observations/42522099,https://static.inaturalist.org/photos/67518400/medium.jpg?1587251332,iNaturalist
Fucus distichus,4/18/2020,NA,37.80671637,-122.425035,attached,1,https://www.inaturalist.org/observations/42522142,https://static.inaturalist.org/photos/67518458/medium.jpg?1587251359,iNaturalist
Fucus distichus,4/24/2020,NA,37.5917384,-122.3206314,attached,1,https://www.inaturalist.org/observations/43237091,https://static.inaturalist.org/photos/68626627/medium.jpg?1587780741,iNaturalist
Fucus distichus,4/25/2020,NA,37.80711333,-122.4256883,attached,1,https://www.inaturalist.org/observations/43481332,https://static.inaturalist.org/photos/68988203/medium.jpg?1587856219,iNaturalist
Fucus distichus,4/25/2020,NA,37.72718833,-122.2481783,attached,1,https://www.inaturalist.org/observations/43485450,https://static.inaturalist.org/photos/68994399/medium.jpg?1587857237,iNaturalist
Fucus distichus,4/25/2020,NA,37.72710971,-122.2483187,attached,1,https://www.inaturalist.org/observations/43518366,https://static.inaturalist.org/photos/69044606/medium.jpg?1587866704,iNaturalist
Fucus distichus,4/26/2020,NA,37.998305,-122.45787,attached,1,https://www.inaturalist.org/observations/43721406,https://static.inaturalist.org/photos/69348793/medium.jpg?1587933141,iNaturalist
Fucus distichus,4/26/2020,NA,37.76703823,-122.3808838,attached,1,https://www.inaturalist.org/observations/43764250,https://static.inaturalist.org/photos/69411662/medium.jpg?1587942159,iNaturalist
Fucus distichus,4/26/2020,NA,37.8720756,-122.3189663,attached,1,https://www.inaturalist.org/observations/44337836,https://static.inaturalist.org/photos/70295492/medium.jpg?1588218648,iNaturalist
Fucus distichus,4/26/2020,NA,37.8720756,-122.3189663,attached,1,https://www.inaturalist.org/observations/44339892,https://static.inaturalist.org/photos/70299169/medium.jpg?1588220916,iNaturalist
Fucus distichus,4/29/2020,NA,37.91143,-122.3888783,attached,1,https://www.inaturalist.org/observations/44332333,https://static.inaturalist.org/photos/70286741/medium.jpg?1588214448,iNaturalist
Fucus distichus,4/30/2020,NA,37.99230556,-122.4518667,attached,1,https://www.inaturalist.org/observations/44429187,https://static.inaturalist.org/photos/70441818/medium.jpeg?1588294498,iNaturalist
Fucus distichus,5/12/2020,NA,37.86337833,-122.312075,attached,1,https://www.inaturalist.org/observations/45749204,https://static.inaturalist.org/photos/72556055/medium.jpg?1589340019,iNaturalist
Fucus distichus,5/13/2020,NA,37.91137,-122.3888167,attached,1,https://www.inaturalist.org/observations/45800887,https://static.inaturalist.org/photos/72639449/medium.jpg?1589396593,iNaturalist
Fucus distichus,11/8/2014,NA,37.71786457,-122.2177628,unclear,2,http://www.inaturalist.org/observations/1063481,https://static.inaturalist.org/photos/1333144/medium.jpg?1444671195,iNaturalist
Fucus distichus,4/25/2015,NA,37.590195,-122.324766,unclear,2,http://www.inaturalist.org/observations/1422666,https://static.inaturalist.org/photos/1760835/medium.jpg?1429979891,iNaturalist
Fucus distichus,12/11/2016,NA,38.01256443,-122.3644198,unclear,2,http://www.inaturalist.org/observations/4760613,https://static.inaturalist.org/photos/5793187/medium.jpg?1481516869,iNaturalist
Fucus distichus,4/1/2017,NA,37.7464165,-122.3753306,unclear,2,https://www.inaturalist.org/observations/5529406,https://static.inaturalist.org/photos/6822544/medium.jpg?1491071770,iNaturalist
Fucus distichus,4/1/2017,NA,37.74647167,-122.37532,unclear,2,https://www.inaturalist.org/observations/5530350,https://static.inaturalist.org/photos/6823862/medium.jpg?1491075886,iNaturalist
Fucus distichus,6/28/2017,NA,37.79372,-122.276055,unclear,2,https://www.inaturalist.org/observations/6845372,https://static.inaturalist.org/photos/8720078/medium.jpg?1498716048,iNaturalist
Fucus distichus,3/3/2018,NA,37.9414199,-122.4106406,unclear,2,https://www.inaturalist.org/observations/10080650,https://static.inaturalist.org/photos/13884647/medium.jpeg?1520141233,iNaturalist
Fucus distichus,4/3/2018,NA,37.73851667,-122.3735367,unclear,2,https://www.inaturalist.org/observations/10747237,https://static.inaturalist.org/photos/15022046/medium.jpg?1523338915,iNaturalist
Fucus distichus,4/4/2018,NA,37.81308333,-122.3651883,unclear,2,https://www.inaturalist.org/observations/10617629,https://static.inaturalist.org/photos/14808956/medium.jpg?1522865109,iNaturalist
Fucus distichus,4/4/2018,NA,37.81473597,-122.3592817,unclear,2,https://www.inaturalist.org/observations/10652624,https://static.inaturalist.org/photos/14865552/medium.jpg?1522991983,iNaturalist
Fucus distichus,4/30/2018,NA,37.82457,-122.3181,unclear,2,https://www.inaturalist.org/observations/11916015,https://static.inaturalist.org/photos/17059546/medium.jpg?1525120427,iNaturalist
Fucus distichus,4/30/2018,NA,37.824523,-122.318473,unclear,2,https://www.inaturalist.org/observations/11927451,https://static.inaturalist.org/photos/17076488/medium.jpeg?1525126084,iNaturalist
Fucus distichus,1/24/2019,NA,37.56369985,-122.2492748,unclear,2,https://www.inaturalist.org/observations/19989968,https://static.inaturalist.org/photos/30852053/medium.jpeg?1548953377,iNaturalist
Fucus distichus,4/27/2019,NA,37.89187539,-122.3239504,unclear,2,https://www.inaturalist.org/observations/23415718,https://static.inaturalist.org/photos/36262921/medium.jpg?1556386059,iNaturalist
Fucus distichus,4/27/2019,NA,37.88914085,-122.3246943,unclear,2,https://www.inaturalist.org/observations/23478522,https://static.inaturalist.org/photos/36356233/medium.jpg?1556400556,iNaturalist
Fucus distichus,4/27/2019,NA,37.89004135,-122.3277054,unclear,2,https://www.inaturalist.org/observations/23517182,https://static.inaturalist.org/photos/36415185/medium.jpeg?1556410859,iNaturalist
Fucus distichus,4/29/2019,NA,37.82467167,-122.3180617,unclear,2,https://www.inaturalist.org/observations/24031221,https://static.inaturalist.org/photos/37167406/medium.jpg?1556573479,iNaturalist
Fucus distichus,5/1/2019,NA,37.70842,-122.3769133,unclear,2,https://www.inaturalist.org/observations/24325510,https://static.inaturalist.org/photos/37613632/medium.jpg?1556751776,iNaturalist
Fucus distichus,5/5/2019,NA,37.86238098,-122.3151855,unclear,2,https://www.inaturalist.org/observations/24639075,https://static.inaturalist.org/photos/38098265/medium.jpeg?1557106754,iNaturalist
Fucus distichus,5/27/2019,NA,38.00051111,-122.4609833,unclear,2,https://www.inaturalist.org/observations/25919671,https://static.inaturalist.org/photos/40201233/medium.jpg?1559008872,iNaturalist
Fucus distichus,5/27/2019,NA,38.00047222,-122.4610583,unclear,2,https://www.inaturalist.org/observations/25919693,https://static.inaturalist.org/photos/40201330/medium.jpg?1559008928,iNaturalist
Fucus distichus,6/1/2019,NA,37.8897961,-122.3246955,unclear,2,https://www.inaturalist.org/observations/26235484,https://static.inaturalist.org/photos/40720594/medium.jpeg?1559458314,iNaturalist
Fucus distichus,6/6/2019,NA,37.79394918,-122.2772281,unclear,2,https://www.inaturalist.org/observations/26527717,https://static.inaturalist.org/photos/41199780/medium.jpg?1559871031,iNaturalist
Fucus distichus,7/18/2019,NA,37.81494167,-122.358875,unclear,2,https://www.inaturalist.org/observations/29331645,https://static.inaturalist.org/photos/45770117/medium.jpeg?1563819366,iNaturalist
Fucus distichus,8/26/2019,NA,37.76854393,-122.2774263,unclear,2,https://www.inaturalist.org/observations/31565881,https://static.inaturalist.org/photos/49414569/medium.jpg?1566846574,iNaturalist
Fucus distichus,10/19/2019,NA,37.70923233,-122.3824081,unclear,2,https://www.inaturalist.org/observations/34628877,https://static.inaturalist.org/photos/54518840/medium.jpeg?1571578726,iNaturalist
Fucus distichus,1/22/2020,NA,37.81227833,-122.36757,unclear,2,https://www.inaturalist.org/observations/37864729,https://static.inaturalist.org/photos/60109552/medium.jpg?1579751734,iNaturalist
Fucus distichus,4/10/2020,NA,37.91040783,-122.3899403,unclear,2,https://www.inaturalist.org/observations/41851341,https://static.inaturalist.org/photos/66409401/medium.jpeg?1586550482,iNaturalist
Fucus distichus,4/19/2020,NA,37.57420198,-122.2843056,unclear,2,https://www.inaturalist.org/observations/42590718,https://static.inaturalist.org/photos/67631126/medium.jpg?1587319884,iNaturalist
Fucus distichus,4/25/2020,NA,37.557975,-122.2462167,unclear,2,https://www.inaturalist.org/observations/43448161,https://static.inaturalist.org/photos/68937850/medium.jpg?1587848885,iNaturalist
Fucus distichus,4/26/2020,NA,37.782524,-122.261546,unclear,2,https://www.inaturalist.org/observations/43653068,https://static.inaturalist.org/photos/69246525/medium.jpeg?1587918520,iNaturalist
Fucus distichus,4/26/2020,NA,37.800245,-122.326605,unclear,2,https://www.inaturalist.org/observations/44209245,https://static.inaturalist.org/photos/70086471/medium.jpeg?1588123247,iNaturalist
Fucus distichus,5/12/2020,NA,37.89140333,-122.3256083,unclear,2,https://www.inaturalist.org/observations/45847172,https://static.inaturalist.org/photos/72714880/medium.jpg?1589431522,iNaturalist
Fucus distichus,3/3/2014,NA,37.863127,-122.30518,wrack,3,http://www.inaturalist.org/observations/552378,https://static.inaturalist.org/photos/704652/medium.jpg?1393961532,iNaturalist
Fucus distichus,5/31/2014,NA,37.807579,-122.422355,wrack,3,http://www.inaturalist.org/observations/711999,https://static.inaturalist.org/photos/894549/medium.JPG?1401681368,iNaturalist
Fucus distichus,11/8/2014,NA,37.738176,-122.369489,wrack,3,http://www.inaturalist.org/observations/1062821,https://static.inaturalist.org/photos/1332189/medium.jpg?1415477612,iNaturalist
Fucus distichus,2/8/2016,NA,37.7914054,-122.4850257,wrack,3,http://www.inaturalist.org/observations/2657610,https://static.inaturalist.org/photos/2986930/medium.jpg?1454965788,iNaturalist
Fucus distichus,7/31/2016,NA,37.837135,-122.2991183,wrack,3,http://www.inaturalist.org/observations/3801125,https://static.inaturalist.org/photos/4439754/medium.jpg?1470286955,iNaturalist
Fucus distichus,4/1/2017,NA,37.74645556,-122.3752583,wrack,3,https://www.inaturalist.org/observations/5530367,https://static.inaturalist.org/photos/6823867/medium.jpg?1491075902,iNaturalist
Fucus distichus,4/1/2017,NA,37.74530797,-122.3754752,wrack,3,https://www.inaturalist.org/observations/5530474,https://static.inaturalist.org/photos/6823918/medium.jpeg?1491076059,iNaturalist
Fucus distichus,4/1/2017,NA,37.74680333,-122.3757783,wrack,3,https://www.inaturalist.org/observations/5531169,https://static.inaturalist.org/photos/6824997/medium.jpg?1491079823,iNaturalist
Fucus distichus,4/18/2017,NA,37.80558833,-122.4584367,wrack,3,https://www.inaturalist.org/observations/5840247,https://static.inaturalist.org/photos/7267085/medium.jpg?1492566139,iNaturalist
Fucus distichus,5/10/2017,NA,37.80623667,-122.467055,wrack,3,https://www.inaturalist.org/observations/6165100,https://static.inaturalist.org/photos/7731261/medium.jpg?1494458731,iNaturalist
Fucus distichus,8/1/2017,NA,37.861345,-122.3028417,wrack,3,https://www.inaturalist.org/observations/7328036,https://static.inaturalist.org/photos/9492830/medium.jpg?1501729482,iNaturalist
Fucus distichus,4/3/2018,NA,37.800105,-122.3271167,wrack,3,https://www.inaturalist.org/observations/10630932,https://static.inaturalist.org/photos/14830856/medium.jpg?1522905183,iNaturalist
Fucus distichus,4/30/2018,NA,37.82506662,-122.3175427,wrack,3,https://www.inaturalist.org/observations/11911457,https://static.inaturalist.org/photos/17052856/medium.jpg?1525117955,iNaturalist
Fucus distichus,4/30/2018,NA,37.82471167,-122.3177867,wrack,3,https://www.inaturalist.org/observations/11916934,https://static.inaturalist.org/photos/17061048/medium.jpg?1525120910,iNaturalist
Fucus distichus,5/28/2018,NA,37.79316667,-122.4840917,wrack,3,https://www.inaturalist.org/observations/12893182,https://static.inaturalist.org/photos/18722412/medium.jpg?1527522513,iNaturalist
Fucus distichus,6/2/2018,NA,37.862655,-122.3150333,wrack,3,https://www.inaturalist.org/observations/13875257,https://static.inaturalist.org/photos/20485083/medium.jpg?1530237212,iNaturalist
Fucus distichus,6/14/2018,NA,37.79373611,-122.2768944,wrack,3,https://www.inaturalist.org/observations/13430468,https://static.inaturalist.org/photos/19707510/medium.jpeg?1529004311,iNaturalist
Fucus distichus,6/14/2018,NA,37.793755,-122.276795,wrack,3,https://www.inaturalist.org/observations/13437562,https://static.inaturalist.org/photos/19720530/medium.jpg?1529022010,iNaturalist
Fucus distichus,7/29/2018,NA,37.89610672,-122.321373,wrack,3,https://www.inaturalist.org/observations/14928545,https://static.inaturalist.org/photos/22278561/medium.jpeg?1532926135,iNaturalist
Fucus distichus,8/2/2018,NA,37.86756322,-122.4351371,wrack,3,https://www.inaturalist.org/observations/15059573,https://static.inaturalist.org/photos/22483595/medium.jpg?1533253271,iNaturalist
Fucus distichus,10/6/2018,NA,37.80722262,-122.422175,wrack,3,https://www.inaturalist.org/observations/17253373,https://static.inaturalist.org/photos/26168545/medium.jpg?1538851103,iNaturalist
Fucus distichus,10/29/2018,NA,37.56263812,-122.2484729,wrack,3,https://www.inaturalist.org/observations/17946558,https://static.inaturalist.org/photos/27421677/medium.jpg?1540853517,iNaturalist
Fucus distichus,10/29/2018,NA,37.56192586,-122.2481141,wrack,3,https://www.inaturalist.org/observations/17946804,https://static.inaturalist.org/photos/27421946/medium.jpg?1540853829,iNaturalist
Fucus distichus,3/2/2019,NA,37.80671545,-122.4684942,wrack,3,https://www.inaturalist.org/observations/20881360,https://static.inaturalist.org/photos/32219359/medium.jpg?1551548199,iNaturalist
Fucus distichus,4/5/2019,NA,37.80611918,-122.4551405,wrack,3,https://www.inaturalist.org/observations/22064763,https://static.inaturalist.org/photos/34169977/medium.jpeg?1554514958,iNaturalist
Fucus distichus,4/8/2019,NA,37.80728902,-122.4226986,wrack,3,https://www.inaturalist.org/observations/22220560,https://static.inaturalist.org/photos/34407582/medium.jpg?1554773690,iNaturalist
Fucus distichus,4/26/2019,NA,37.80686096,-122.4482023,wrack,3,https://www.inaturalist.org/observations/23322820,https://static.inaturalist.org/photos/36125719/medium.jpeg?1556343869,iNaturalist
Fucus distichus,4/28/2019,NA,37.76720446,-122.2762351,wrack,3,https://www.inaturalist.org/observations/23750670,https://static.inaturalist.org/photos/36753016/medium.jpg?1556488551,iNaturalist
Fucus distichus,4/28/2019,NA,37.765675,-122.275245,wrack,3,https://www.inaturalist.org/observations/23869829,https://static.inaturalist.org/photos/36934040/medium.jpg?1556522698,iNaturalist
Fucus distichus,5/6/2019,NA,37.88903613,-122.3171584,wrack,3,https://www.inaturalist.org/observations/24854716,https://static.inaturalist.org/photos/38442085/medium.jpeg?1557434587,iNaturalist
Fucus distichus,6/1/2019,NA,37.8897961,-122.3246955,wrack,3,https://www.inaturalist.org/observations/26235478,https://static.inaturalist.org/photos/40720555/medium.jpeg?1559458259,iNaturalist
Fucus distichus,6/1/2019,NA,37.8897961,-122.3246955,wrack,3,https://www.inaturalist.org/observations/26235479,https://static.inaturalist.org/photos/40720561/medium.jpeg?1559458267,iNaturalist
Fucus distichus,6/1/2019,NA,37.8897961,-122.3246955,wrack,3,https://www.inaturalist.org/observations/26235480,https://static.inaturalist.org/photos/40720564/medium.jpeg?1559458276,iNaturalist
Fucus distichus,6/7/2019,NA,37.80813165,-122.4215735,wrack,3,https://www.inaturalist.org/observations/26557152,https://static.inaturalist.org/photos/41246591/medium.jpg?1559924984,iNaturalist
Fucus distichus,6/7/2019,NA,37.78774167,-122.4936833,wrack,3,https://www.inaturalist.org/observations/26583498,https://static.inaturalist.org/photos/41288469/medium.jpg?1559957244,iNaturalist
Fucus distichus,6/13/2019,NA,37.80729167,-122.4690333,wrack,3,https://www.inaturalist.org/observations/26940198,https://static.inaturalist.org/photos/41864013/medium.jpg?1560467175,iNaturalist
Fucus distichus,6/15/2019,NA,37.939695,-122.4103867,wrack,3,https://www.inaturalist.org/observations/27139929,https://static.inaturalist.org/photos/42196666/medium.jpg?1560751902,iNaturalist
Fucus distichus,7/20/2019,NA,37.93936776,-122.4106707,wrack,3,https://www.inaturalist.org/observations/29183707,https://static.inaturalist.org/photos/45535015/medium.jpg?1563643138,iNaturalist
Fucus distichus,7/20/2019,NA,37.941925,-122.4108667,wrack,3,https://www.inaturalist.org/observations/29213731,https://static.inaturalist.org/photos/45582743/medium.jpg?1563673157,iNaturalist
Fucus distichus,7/20/2019,NA,37.94373,-122.41172,wrack,3,https://www.inaturalist.org/observations/29224674,https://static.inaturalist.org/photos/45601450/medium.jpg?1563688669,iNaturalist
Fucus distichus,9/27/2019,NA,37.5639233,-122.2492294,wrack,3,https://www.inaturalist.org/observations/33931553,https://static.inaturalist.org/photos/53346916/medium.jpeg?1570331790,iNaturalist
Fucus distichus,10/19/2019,NA,37.70904474,-122.3825814,wrack,3,https://www.inaturalist.org/observations/34590969,https://static.inaturalist.org/photos/54454365/medium.jpg?1571506701,iNaturalist
Fucus distichus,1/1/2020,NA,37.59024492,-122.324841,wrack,3,https://www.inaturalist.org/observations/37175975,https://static.inaturalist.org/photos/58890821/medium.jpg?1577924184,iNaturalist
Fucus distichus,2/1/2020,NA,37.76287842,-122.2725525,wrack,3,https://www.inaturalist.org/observations/38204411,https://static.inaturalist.org/photos/60684193/medium.jpg?1580611210,iNaturalist
Fucus distichus,3/2/2020,NA,37.79123,-122.48568,wrack,3,https://www.inaturalist.org/observations/39479677,https://static.inaturalist.org/photos/62642700/medium.jpg?1583208117,iNaturalist
Fucus distichus,4/14/2020,NA,37.90815,-122.3263467,wrack,3,https://www.inaturalist.org/observations/42172506,https://static.inaturalist.org/photos/66947450/medium.jpg?1586884598,iNaturalist
Fucus distichus,4/25/2020,NA,37.80147835,-122.4800997,wrack,3,https://www.inaturalist.org/observations/43528361,https://static.inaturalist.org/photos/69062065/medium.jpg?1587870147,iNaturalist
Fucus distichus,4/26/2020,NA,37.79780922,-122.481875,wrack,3,https://www.inaturalist.org/observations/43811686,https://static.inaturalist.org/photos/69485857/medium.jpg?1587954833,iNaturalist
Fucus distichus,4/26/2020,NA,37.80576667,-122.3242028,wrack,3,https://www.inaturalist.org/observations/44079442,https://static.inaturalist.org/photos/69887972/medium.jpeg?1588046566,iNaturalist
Fucus distichus,4/28/2020,NA,37.80642,-122.454705,wrack,3,https://www.inaturalist.org/observations/44408276,https://static.inaturalist.org/photos/70408934/medium.jpg?1588281244,iNaturalist
Fucus distichus,5/12/2020,NA,37.79156167,-122.4852217,wrack,3,https://www.inaturalist.org/observations/45722054,https://static.inaturalist.org/photos/72511688/medium.jpg?1589318941,iNaturalist
